101;101;20/05/2024
102;102;20/05/2024
103;103;20/05/2024
104;104;15/05/2024
105;105;16/05/2024
106;106;17/05/2024
107;107;15/05/2024
108;108;19/05/2024
109;109;20/05/2024
110;110;5/06/2024
111;111;22/05/2024
112;112;15/05/2024
113;113;24/05/2024
114;114;4/06/2024
115;115;5/06/2024
116;116;6/06/2024
117;117;7/06/2024
118;118;4/06/2024
119;119;7/06/2024
120;120;24/06/2024
121;121;1/10/2024
122;122;9/09/2024
123;123;7/03/2024
124;124;15/05/2024
125;125;13/03/2024
126;126;28/07/2024
127;127;10/12/2024
128;128;10/02/2024
129;129;2/02/2024
130;130;13/11/2024
131;131;8/05/2024
